participant_id	umap_1	umap_2
ccga_1000	-8.632776260375977	-0.3368457555770874
ccga_1012	2.8995397090911865	-1.94064462184906
ccga_1014	-7.1986308097839355	-2.3372559547424316
ccga_1015	-5.845663070678711	-0.8328279256820679
ccga_1019	1.1042842864990234	-1.3440343141555786
ccga_102	0.0544610321521759	-0.5879884958267212
ccga_1022	2.809260129928589	-0.7925221920013428
ccga_1023	1.832741618156433	-2.5608270168304443
ccga_1032	-6.032658100128174	-1.4317535161972046
ccga_1033	-9.3814849853515625	-0.6050634384155273
ccga_1034	3.07307767868042	3.356894254684448
ccga_1037	3.036862850189209	3.127617597579956
ccga_1039	-4.669043064117432	-1.51176118850708
ccga_104	2.170321464538574	0.7620261907577515
ccga_105	1.6573535203933716	1.57731032371521
ccga_1057	-0.6209414005279541	0.039480771869421
ccga_1058	0.3715588748455048	-1.0477299690246582
ccga_1065	-0.8755356669425964	-1.2035781145095823
ccga_1068	2.7177512645721436	2.680441379547119
ccga_107	-2.0156331062316895	-1.3191204071044922
ccga_1073	-6.877971172332764	-2.131066083908081
ccga_1078	3.029076099395752	0.5460675954818726
ccga_1079	1.4084773063659668	-2.203181505203247
ccga_1084	2.909569263458252	-1.267746090888977
ccga_1087	4.016041278839111	1.0601388216018677
ccga_109	2.107853412628174	-2.6245102882385254
ccga_1090	2.215562105178833	-2.203996181488037
ccga_1092	-1.9493471384048464	-1.0954513549804688
ccga_1094	3.0758795738220215	-1.0435324907302856
ccga_1096	-6.816198348999023	-2.1575427055358887
ccga_1099	1.8107181787490845	1.4960758686065674
ccga_110	3.548331499099731	2.364104747772217
ccga_1102	3.8967535495758057	2.757554054260254
ccga_1103	0.20501592755317688	0.07301613688468933
ccga_1106	2.3351848125457764	-1.7495362758636477
ccga_1107	-8.720787048339844	-0.4270493388175965
ccga_1108	3.248861312866211	-0.1428549587726593
ccga_111	2.5195226669311523	-1.2348792552947998
ccga_1113	-2.0877954959869385	-1.4647269248962402
ccga_1115	1.0968360900878906	-2.138669490814209
ccga_1117	-5.933228015899658	-0.9801169633865356
ccga_1125	2.698335886001587	2.936798095703125
ccga_1129	2.1893436908721924	-2.337563753128052
ccga_1133	1.7289152145385742	2.8375086784362793
ccga_1134	3.785118103027344	3.284146547317505
ccga_1137	-11.137046813964844	-1.0020620822906494
ccga_1139	1.036840558052063	-1.1692836284637451
ccga_1140	1.335097074508667	-2.24267840385437
ccga_1142	1.8673386573791504	-1.659294843673706
ccga_1143	3.564450263977051	3.482877016067505
ccga_1150	2.8008108139038086	-1.510178565979004
ccga_1151	1.5866219997406006	-1.902712106704712
ccga_1152	2.5890846252441406	2.514326810836792
ccga_1157	1.1983680725097656	-0.06766162067651749
ccga_116	-4.1705546379089355	-1.4154603481292725
ccga_1163	-4.950977802276611	-1.1491457223892212
ccga_1164	-1.2153310775756836	-1.323597073554993
ccga_1165	-2.3035945892333984	-0.749548077583313
ccga_1173	1.0667742490768433	-2.460031509399414
ccga_1174	4.145143508911133	-1.3267990350723269
ccga_1176	1.2164649963378906	-1.399492859840393
ccga_1177	0.7802401185035706	-0.9945624470710754
ccga_1178	2.239121913909912	3.788303852081299
ccga_1179	0.8722531199455261	1.0912394523620603
ccga_1180	-7.280914783477783	-2.297842025756836
ccga_1181	-6.714914321899414	-0.8714329600334167
ccga_1184	3.233647584915161	0.3317268192768097
ccga_1185	3.575622081756592	1.5975806713104248
ccga_1186	3.615472078323364	2.681232213973999
ccga_1187	3.2328414916992188	-0.7411695718765259
ccga_1188	1.2300208806991575	-0.02485793083906173
ccga_119	3.1781253814697266	1.849266767501831
ccga_1192	-5.410846710205078	-1.9148573875427248
ccga_1193	0.8400301933288574	-2.702082633972168
ccga_1194	-2.2288761138916016	-0.6996561288833618
ccga_1199	-2.140798807144165	-0.8255245089530945
ccga_12	3.9253416061401367	2.066671848297119
ccga_120	0.8852154016494751	-1.643046259880066
ccga_1200	1.252004623413086	2.192199468612671
ccga_1202	-6.904213905334473	-0.7973763346672058
ccga_1207	1.3170193433761597	-0.8661153316497803
ccga_1210	-2.0170133113861084	-1.4184534549713137
ccga_1214	1.5433835983276367	2.584078788757324
ccga_1215	2.2142040729522705	2.340189218521118
ccga_1216	1.4620450735092163	-2.0870158672332764
ccga_1219	1.4137390851974487	2.909329652786255
ccga_1226	1.4895257949829102	2.766329526901245
ccga_1230	1.8187471628189087	3.305850028991699
ccga_1234	-3.9346630573272705	-1.5172843933105469
ccga_1236	0.4617892801761627	1.6389436721801758
ccga_1237	0.24741974472999573	1.3397459983825684
ccga_1238	2.40565824508667	2.3835041522979736
ccga_1239	-5.188252925872803	-1.3972982168197632
ccga_124	2.6971752643585205	3.066645383834839
ccga_1240	0.7381985187530518	0.4695926606655121
ccga_1241	-5.366964817047119	-1.9817370176315308
ccga_1242	1.183752417564392	1.391454815864563
ccga_125	-4.228237628936768	-1.5473575592041016
ccga_1250	1.2989609241485596	-0.8008443713188171
ccga_1252	1.0936596393585205	-1.2533444166183472
ccga_1253	0.3750261068344116	-1.1888035535812378
ccga_1256	-11.079065322875977	-0.9688456654548644
ccga_1261	-9.49435329437256	-0.6744021773338318
ccga_1262	-2.20173716545105	-1.144578456878662
ccga_1264	-2.1314175128936768	-1.576520919799805
ccga_1269	1.388222336769104	-0.16421574354171753
ccga_1271	2.3186049461364746	2.176928997039795
ccga_1274	-6.763667583465576	-1.6686875820159912
ccga_1275	3.3346118927001953	3.399944305419922
ccga_1276	2.3109846115112305	2.977166175842285
ccga_1278	0.8321905136108398	-0.21671609580516815
ccga_128	3.4109513759613037	2.446157693862915
ccga_1280	0.9213902354240416	2.2781944274902344
ccga_1282	1.7466082572937012	3.3332345485687256
ccga_1283	-6.954189777374268	-2.294755697250366
ccga_1284	-0.0733884796500206	0.7318432927131653
ccga_129	2.563342571258545	0.6174706220626831
ccga_1291	-4.057821273803711	-1.468026876449585
ccga_1292	1.71583092212677	3.343574047088623
ccga_1293	1.5510814189910889	0.7341433167457581
ccga_1300	-2.3786895275115967	-1.1620196104049685
ccga_1306	-11.096905708312988	-0.9040969014167786
ccga_1309	3.4494848251342773	2.7296080589294434
ccga_131	2.5732133388519287	0.9674137830734252
ccga_1313	-9.856589317321776	-0.7700595259666443
ccga_1314	-1.9265743494033811	-0.3487149477005005
ccga_1315	-6.90364933013916	-2.227506637573242
ccga_1318	1.723686456680298	2.2741780281066895
ccga_132	0.7628606557846069	0.06409353762865067
ccga_1321	3.9400746822357178	0.0247911661863327
ccga_1322	-0.4932188093662262	-0.9326008558273317
ccga_1323	1.7745563983917236	3.434904098510742
ccga_1325	-6.536606788635254	-1.5566227436065674
ccga_1327	2.108153820037842	2.660283088684082
ccga_1329	2.9113669395446777	-0.7725403308868408
ccga_133	1.5161434412002563	-0.04427147656679153
ccga_1331	4.617199897766113	1.1454318761825562
ccga_1332	4.284184455871582	1.9194285869598389
ccga_1333	2.2630677223205566	-2.1584010124206543
ccga_1355	3.3670592308044434	-0.4241165518760681
ccga_1356	1.0623699426651	0.485910564661026
ccga_1358	3.9134280681610103	-0.3672509491443634
ccga_136	2.1930549144744873	-0.5215550661087036
ccga_1360	3.99075984954834	1.974778413772583
ccga_1361	-9.563128471374512	-0.8760915398597717
ccga_1363	4.071099758148193	0.48204970359802246
ccga_1364	1.5640665292739868	-0.908263087272644
ccga_1366	1.1650291681289673	-0.4353171586990357
ccga_1367	3.1923413276672363	0.9115514755249025
ccga_1368	1.2234604358673096	1.3931347131729126
ccga_1369	-6.138420104980469	-1.0789318084716797
ccga_1370	3.4912593364715576	-1.7974553108215332
ccga_1372	2.280090093612671	1.4622150659561155
ccga_1373	2.7622389793395996	-1.460942029953003
ccga_1375	2.66957688331604	-2.22711181640625
ccga_1377	-6.7344160079956055	-0.8788449764251709
ccga_1379	2.2310099601745605	-2.205466985702514
ccga_1388	1.2689741849899292	1.4697215557098389
ccga_1389	0.7667447328567505	-2.5860190391540527
ccga_1392	3.2161529064178467	2.9020233154296875
ccga_1394	1.291024088859558	1.0558598041534424
ccga_14	1.7684326171875	-1.738139510154724
ccga_1400	-2.593966007232666	-1.1441757678985596
ccga_1403	-1.6980650424957275	-1.4003701210021973
ccga_1407	-8.485865592956543	-0.7744359970092773
ccga_1409	-2.3994626998901367	-1.0983620882034302
ccga_1413	1.938970923423767	3.609022855758667
ccga_1414	2.8095293045043945	2.427849292755127
ccga_1415	-4.000207901000977	-1.453635334968567
ccga_142	1.5930665731430054	3.1542701721191406
ccga_1420	3.949239492416382	-1.8935465812683103
ccga_1422	-4.627730369567871	-1.7807127237319946
ccga_1423	1.803883671760559	-0.09721226245164873
ccga_1424	-0.13752014935016632	-0.7526494264602661
ccga_1426	-8.046562194824219	-0.8829097151756287
ccga_1428	2.1481974124908447	3.60870099067688
ccga_1429	2.1040875911712646	0.6673088073730469
ccga_143	3.5965359210968018	3.2314391136169434
ccga_1431	1.814394235610962	2.1662111282348633
ccga_1432	3.338193655014038	2.123368740081787
ccga_1434	1.213422179222107	1.0037238597869873
ccga_1435	-10.58130931854248	-1.1829725503921509
ccga_1438	0.87570953369140625	0.3329004943370819
ccga_1441	2.3893516063690186	2.10310697555542
ccga_1444	1.3235660791397097	1.8119155168533323
ccga_1446	1.614240288734436	0.27065226435661316
ccga_1447	-5.740622520446777	-2.0535449981689453
ccga_1448	1.2266086339950562	-0.5617395043373108
ccga_145	2.076361179351806	1.1282902956008911
ccga_1452	2.504289388656616	-1.8788001537323
ccga_1453	-1.9627059698104856	-1.968981385231018
ccga_1454	-4.813823223114014	-1.433316349983215
ccga_1455	1.734495997428894	1.2719268798828125
ccga_1467	-2.902442693710327	-1.1071399450302124
ccga_1468	-10.91577434539795	-1.063335657119751
ccga_1469	-0.8726595044136047	0.5643088817596436
ccga_1472	3.033806800842285	2.6530838012695312
ccga_1475	-4.724564552307129	-1.4497497081756592
ccga_1476	1.3661715984344482	-2.229522466659546
ccga_1478	-8.302055358886719	-0.8183897733688354
ccga_1479	1.6147023439407349	3.467667818069458
ccga_148	0.37700408697128296	0.8991279006004333
ccga_1485	0.512944757938385	1.448325753211975
ccga_1488	3.018036365509033	0.4843064248561859
ccga_149	0.6567588448524475	-1.6523849964141846
ccga_1494	-6.70975923538208	-1.7874900102615356
ccga_150	-10.383463859558104	-1.0220547914505005
ccga_1505	2.620031356811523	2.877997636795044
ccga_1506	2.394014596939087	-2.3760464191436768
ccga_1507	1.3746932744979858	1.832101821899414
ccga_1511	-0.774786114692688	-1.1692510843276978
ccga_1512	0.5910567045211792	-1.942217469215393
ccga_1516	-0.5526512861251831	0.1894601732492447
ccga_1517	-10.593707084655762	-1.0001540184020996
ccga_1519	-10.934343338012695	-1.0879685878753662
ccga_1520	-11.12746238708496	-0.915157675743103
ccga_1521	4.105776309967041	0.87991863489151
ccga_1523	1.7900274991989136	2.1040501594543457
ccga_1526	0.9039546847343444	-2.533353328704834
ccga_1528	1.0098482370376587	-0.7540653944015503
ccga_1529	0.9829123616218568	1.302235126495361
ccga_1534	1.348471760749817	-1.598047137260437
ccga_1535	4.580885887145996	1.328513741493225
ccga_1537	-6.890010833740234	-0.7319730520248413
ccga_154	4.3291754722595215	-0.5691311955451965
ccga_1540	2.437152862548828	3.634082555770874
ccga_1542	-6.8673624992370605	-2.155235290527344
ccga_1545	2.306277275085449	1.864258050918579
ccga_1547	1.9554405212402344	-1.82186496257782
ccga_1548	3.7020907402038574	-0.7278223633766174
ccga_1549	3.2680442333221436	-0.8096066117286682
ccga_155	1.44163179397583	3.0370845794677734
ccga_1550	4.558171272277832	1.80366051197052
ccga_1552	1.127453088760376	-1.4078874588012695
ccga_1558	2.2943310737609863	-2.352830648422241
ccga_1559	3.0304486751556396	-1.488008975982666
ccga_156	-0.03762656450271606	0.8984919190406799
ccga_1566	2.8859755992889404	0.7034890651702881
ccga_1567	1.30026113986969	-1.9436241388320925
ccga_1569	1.7323858737945557	1.398935317993164
ccga_157	1.9761556386947632	0.44491448998451233
ccga_1571	-2.5984489917755127	-1.3247114419937134
ccga_1572	-4.6756391525268555	-1.0532299280166626
ccga_1573	-4.6660847663879395	-1.4568450450897217
ccga_1575	4.264664173126221	0.9228204488754272
ccga_1576	-4.660607814788818	-1.676891565322876
ccga_1577	2.885438919067383	-1.933768630027771
ccga_1582	-3.581817626953125	-1.620044827461243
ccga_1585	1.3724398612976074	0.4361208379268646
ccga_1587	3.3479392528533936	0.08717978745698929
ccga_1588	-6.764583110809326	-1.7801412343978882
ccga_1591	0.8542596697807312	-1.3665906190872192
ccga_1597	-9.8846435546875	-0.7805903553962708
ccga_1598	0.8023583292961121	-2.5348803997039795
ccga_16	3.725987672805786	-0.80098557472229
ccga_1600	1.0649672746658323	2.551220655441284
ccga_1607	2.0054733753204346	1.9974788427352903
ccga_161	1.7613383531570437	2.4569973945617676
ccga_1611	4.583887100219727	1.0471069812774658
ccga_1614	-0.13074447214603424	0.5516073703765869
ccga_162	3.2919466495513916	0.7945963144302368
ccga_1620	-2.0760281085968018	-0.6714378595352173
ccga_1621	-7.131155967712402	-0.7918249368667603
ccga_1622	1.047531247138977	1.3686375617980957
ccga_1626	1.775543451309204	-2.1336889266967773
ccga_1627	-2.510572671890259	-1.193035364151001
ccga_1628	-0.21566247940063477	-0.6951440572738647
ccga_1630	3.771777868270874	3.2367091178894043
ccga_1631	0.0855756551027298	-0.16255436837673187
ccga_1632	3.0914947986602783	-1.2572122812271118
ccga_1634	-3.9853732585906982	-1.5579427480697632
ccga_1635	2.250124216079712	1.076098084449768
ccga_1636	3.100022792816162	-1.2229632139205933
ccga_1641	-2.153523206710815	-0.3813053071498871
ccga_1648	4.3661932945251465	1.633239984512329
ccga_1650	2.327888011932373	0.6904072165489197
ccga_1651	0.16508491337299347	0.8925889730453491
ccga_1652	1.0161302089691162	-1.53592050075531
ccga_1653	0.5636101961135864	0.6430478096008301
ccga_1655	-10.655116081237791	-1.036439299583435
ccga_1656	-8.739058494567871	-0.3355238437652588
ccga_1658	0.4574870467185974	1.258709192276001
ccga_166	3.100454092025757	0.6444408297538757
ccga_1660	0.2675875425338745	-1.4495899677276611
ccga_1663	3.260518789291382	0.22469736635684967
ccga_1665	0.06672381609678268	-0.6593671441078186
ccga_1669	-0.6077878475189209	-1.017721176147461
ccga_167	2.1612350940704346	3.639004945755005
ccga_1670	0.6170096397399902	0.11579322814941406
ccga_1671	2.4334068298339844	-0.990710437297821
ccga_1672	2.619767189025879	2.8959479331970215
ccga_1674	1.477110505104065	2.457056999206543
ccga_1682	4.491150856018066	1.6949374675750732
ccga_1683	3.991836071014404	2.587963581085205
ccga_1684	1.906150460243225	0.7479455471038818
ccga_1685	-2.630324125289917	-0.9545606970787048
ccga_1688	3.7420215606689458	-0.5178655982017517
ccga_1690	3.5734782218933105	-0.7086878418922424
ccga_1696	-5.2985005378723145	-1.7758138179779053
ccga_1697	-8.290352821350098	-0.6690146923065186
ccga_1698	3.725710868835449	3.042968511581421
ccga_17	0.7044779658317566	-2.3712189197540283
ccga_1701	2.904634714126587	1.1590204238891602
ccga_1702	1.1410090923309326	-0.03233538940548897
ccga_1703	3.0375845432281494	1.7964928150177002
ccga_1704	1.6317423582077026	3.0695786476135254
ccga_1705	2.884131669998169	1.8547265529632568
ccga_1706	3.035036087036133	-1.3942785263061523
ccga_1707	-6.931825160980225	-2.1691412925720215
ccga_1708	1.8501439094543457	-1.9525800943374632
ccga_1709	2.1272010803222656	2.247635841369629
ccga_1710	4.007357120513916	-0.06013091653585434
ccga_1714	-5.708372116088867	-1.6703591346740725
ccga_1716	-2.644219160079956	-0.9872792363166808
ccga_1719	2.684209108352661	-0.6685255169868469
ccga_172	2.318845510482788	-0.8722721934318542
ccga_1720	-0.8436819314956665	-1.1440439224243164
ccga_1721	1.023559331893921	-1.2292219400405884
ccga_1725	0.12111835926771164	-1.3937387466430664
ccga_1726	3.485103130340576	2.4292144775390625
ccga_1730	2.2024617195129395	-0.6020439267158508
ccga_1734	3.45693302154541	-1.0158315896987915
ccga_1735	3.505777359008789	3.428447961807251
ccga_1737	1.827995777130127	2.1796181201934814
ccga_1738	2.486725091934204	1.8277623653411863
ccga_174	1.4453909397125244	-2.35837721824646
ccga_1743	3.6549441814422607	-0.703215479850769
ccga_1744	-6.505219459533691	-0.8711169958114624
ccga_1747	0.7349882125854492	0.1465999186038971
ccga_1748	-1.3727608919143677	-0.972972810268402
ccga_1749	-6.73073673248291	-0.8937116861343384
ccga_1751	0.762919008731842	1.5931931734085083
ccga_1755	0.854240894317627	1.833561658859253
ccga_1757	1.8324815034866333	1.1992087364196775
ccga_1758	-6.804384708404541	-0.7673900127410889
ccga_1759	1.6839900016784668	1.5989419221878052
ccga_176	2.756117582321167	3.039947509765625
ccga_1760	-8.577083587646484	-0.3151070773601532
ccga_1761	2.279879093170166	0.6395965218544006
ccga_1763	1.746819019317627	0.2562711238861084
ccga_1766	0.5674663782119751	-2.157136917114258
ccga_1769	-3.8694934844970703	-1.721972107887268
ccga_1771	1.33839750289917	2.1901471614837646
ccga_1773	2.67797589302063	-1.0214487314224243
ccga_1777	3.386802911758423	1.6909410953521729
ccga_1778	2.6163344383239746	1.2512134313583374
ccga_1779	0.7736853361129761	0.17527201771736145
ccga_1780	1.4742827415466309	-1.8940906524658203
ccga_1783	0.2596932053565979	-0.6444161534309387
ccga_1787	1.6205915212631226	0.7782860994338989
ccga_1788	3.4693400859832764	1.3289746046066284
ccga_1790	4.068867206573486	0.9387201070785522
ccga_1792	1.0750954151153564	-1.8933188915252688
ccga_1793	4.350766181945801	1.1300926208496094
ccga_1795	1.0871727466583252	0.04910731688141823
ccga_1797	2.512385368347168	1.5376297235488892
ccga_1798	3.532503128051758	2.7122581005096436
ccga_18	4.020029067993164	-1.8079392910003664
ccga_1804	1.451651930809021	-1.0593806505203247
ccga_1805	1.5127495527267456	0.01834655180573463
ccga_1807	0.4899058341979981	-0.6149082183837891
ccga_1809	-0.9408271908760072	0.09256033599376678
ccga_1810	3.4069571495056152	-0.38792452216148376
ccga_1819	-0.31713607907295227	-1.148279070854187
ccga_1824	0.28480666875839233	1.1252670288085938
ccga_1828	3.0968282222747803	-1.493847370147705
ccga_1834	1.5747517347335815	-2.582275390625
ccga_1838	0.2691602408885956	1.4407237768173218
ccga_1839	2.2455039024353027	-2.25976300239563
ccga_184	1.3836283683776855	2.877678394317627
ccga_1840	1.1945743560791016	0.6145538687705994
ccga_1841	4.6046271324157715	1.1214888095855713
ccga_1842	2.701629161834717	3.2268717288970947
ccga_1845	0.4375958740711212	-0.5902367830276489
ccga_1846	-6.88639497756958	-2.099841833114624
ccga_1853	1.3614367246627808	1.3321439027786257
ccga_1856	-7.273449420928955	-2.3137829303741455
ccga_1862	3.3879034519195557	0.1973053216934204
ccga_1865	0.979711651802063	1.1690855026245115
ccga_1866	0.6996431946754456	0.0911986604332924
ccga_1868	-1.7107452154159546	-1.142353057861328
ccga_187	0.08335340023040771	-0.6668522953987122
ccga_1872	3.368401050567627	0.05185918882489204
ccga_1876	-6.693159580230713	-1.867591381072998
ccga_1877	4.399896144866943	1.0096217393875122
ccga_1878	0.27160000801086426	-0.39414310455322266
ccga_1881	1.664772868156433	-1.2641862630844116
ccga_1888	-7.2710185050964355	-2.2940993309020996
ccga_1889	2.023936033248902	2.7761104106903076
ccga_1891	1.2629066705703735	1.0963605642318726
ccga_1898	-1.942599892616272	-1.304797649383545
ccga_190	2.3662397861480713	0.5695322155952454
ccga_1903	-2.505314350128174	-1.4388452768325806
ccga_1905	1.05422842502594	-0.4141633212566376
ccga_191	2.489471435546875	1.1313769817352295
ccga_1910	2.552232265472412	2.783094644546509
ccga_1917	0.5173842310905457	-0.18317565321922305
ccga_1919	1.5076639652252195	-0.05017572641372681
ccga_1923	-2.656757354736328	-0.9582040309906006
ccga_1930	2.073284387588501	-1.5664441585540771
ccga_1931	-2.144709348678589	-1.1177525520324707
ccga_1932	1.7130485773086548	2.1556363105773926
ccga_1935	-0.6723676323890686	-0.9701485633850098
ccga_1936	3.742488861083984	-0.39747175574302673
ccga_1937	2.244696140289306	0.08036469668149948
ccga_194	2.095890522003174	1.0611504316329956
ccga_1947	-4.482938766479492	-1.3988044261932373
ccga_1950	-4.365101337432861	-1.4447885751724243
ccga_1953	-11.044949531555176	-0.997767448425293
ccga_1956	3.775808334350586	2.8808393478393555
ccga_1957	4.473624229431152	1.8735909461975095
ccga_1959	-7.22479248046875	-2.3484320640563965
ccga_1962	1.5310750007629397	-0.4234890639781952
ccga_1964	-10.730515480041504	-0.9855950474739076
ccga_1967	1.710776686668396	-0.24306850135326383
ccga_1968	-10.145825386047363	-0.9243987202644348
ccga_197	1.3357490301132202	-2.4461238384246826
ccga_1971	2.9094831943511963	-1.295167088508606
ccga_1974	1.994079351425171	-2.1222469806671143
ccga_1975	2.61423397064209	-1.1209187507629397
ccga_1979	-3.3681468963623047	-1.3793433904647827
ccga_1988	3.17639422416687	1.8336610794067385
ccga_199	1.656999588012695	1.4159135818481443
ccga_1990	3.4840950965881348	2.175877094268799
ccga_1993	3.221630573272705	3.49629282951355
ccga_1994	3.473477840423584	1.6638067960739136
ccga_1996	3.6977698802948	3.031504392623902
ccga_1997	0.9179267287254332	-1.337191820144653
ccga_1998	2.9140148162841797	-2.0304880142211914
ccga_200	-6.50924825668335	-1.015153169631958
ccga_2002	-10.97889232635498	-1.03205406665802
ccga_2004	3.7026195526123047	-0.3412495255470276
ccga_2006	-5.9229350090026855	-1.255693435668945
ccga_2009	-11.153172492980955	-0.8932248950004578
ccga_2012	2.7546069622039795	0.652292788028717
ccga_2013	2.336265563964844	-2.2656259536743164
ccga_2014	0.544562816619873	-0.01860584691166877
ccga_2017	-2.6049370765686035	-1.4001630544662476
ccga_2024	0.33911725878715515	-1.4862000942230225
ccga_2025	2.0947248935699463	1.1563581228256226
ccga_2030	4.0901594161987305	-0.08068203181028366
ccga_2034	-0.5616454482078552	0.3547656834125519
ccga_2037	-8.771970748901367	-0.3187268078327179
ccga_2042	2.464852809906006	-2.1731770038604736
ccga_2049	2.3443634510040283	0.6784566044807434
ccga_205	3.59036922454834	0.27012696862220764
ccga_2057	1.5666202306747437	0.06832237541675568
ccga_2059	4.223358154296875	2.2655487060546875
ccga_2063	1.286124587059021	-2.2743704319000244
ccga_2067	4.321017265319824	2.0185422897338867
ccga_207	1.4234386682510376	0.5947594046592712
ccga_2071	-5.980079174041748	-0.8412506580352783
ccga_2079	-6.810949325561523	-1.8239147663116455
ccga_2080	2.8670005798339844	0.7205711603164673
ccga_2081	3.589017152786255	1.704479455947876
ccga_2084	-0.4548371732234955	-0.9723473191261292
ccga_2085	1.912834405899048	0.4064304232597351
ccga_209	4.008449554443359	0.861091136932373
ccga_2095	-2.2388224601745605	-1.286118984222412
ccga_2096	2.152223825454712	1.9198440313339231
ccga_21	-9.251849174499512	-0.5652812719345093
ccga_2100	3.807561874389648	-0.8588891625404358
ccga_2102	2.3764631748199463	0.683522641658783
ccga_2104	4.178625583648682	0.23088392615318296
ccga_2113	-2.322354316711426	-0.8222134113311768
ccga_2114	0.9869363903999328	0.21217985451221463
ccga_2117	2.9244768619537354	0.4267735779285431
ccga_2118	0.22308917343616488	0.23454706370830536
ccga_2119	0.29345452785491943	1.1488752365112305
ccga_212	2.791043281555176	2.4686975479125977
ccga_2120	2.0277507305145264	2.5445713996887207
ccga_2121	1.4524224996566772	0.22128820419311523
ccga_2125	4.044899940490723	1.0608402490615845
ccga_2126	-10.332091331481934	-1.015839695930481
ccga_2129	-0.6695300936698914	-1.4929715394973757
ccga_213	4.105982303619385	2.4852135181427
ccga_2131	3.681176900863647	2.8956074714660645
ccga_2133	3.5345773696899414	0.5641949772834778
ccga_2134	-0.23177938163280487	-1.3782498836517334
ccga_2135	2.0950613021850586	-1.056438684463501
ccga_2139	-3.116299629211426	-1.4201412200927734
ccga_2140	-8.89914608001709	-0.3674769699573517
ccga_2141	-6.856075763702393	-2.031675338745117
ccga_2142	-6.643691062927246	-1.7154853343963623
ccga_2145	3.2884767055511475	1.4530023336410522
ccga_2148	2.777376651763916	1.028503179550171
ccga_2150	3.998075485229492	2.6733269691467285
ccga_2154	0.19393347203731537	-0.7149055004119873
ccga_2157	1.9624693393707275	0.9497243165969848
ccga_2158	3.83241868019104	-0.44856613874435425
ccga_2163	1.5698508024215698	-0.2898612916469574
ccga_2167	2.3212947845458984	-1.92449414730072
ccga_2168	2.207130670547486	0.8858838677406311
ccga_2174	3.149953603744507	2.448106527328491
ccga_2175	0.10780688375234604	-1.4472076892852783
ccga_2176	0.9321388006210328	-2.560769557952881
ccga_2178	3.4503931999206543	3.3198957443237305
ccga_2179	1.467932105064392	1.2689576148986816
ccga_218	0.295748233795166	-0.6006210446357727
ccga_2181	-2.181529998779297	-1.4494493007659912
ccga_2183	0.23819035291671753	-0.20681262016296387
ccga_2184	-2.013925313949585	-1.4563647508621216
ccga_2190	-1.8947519063949585	-1.0093539953231812
ccga_2194	0.6756789684295654	-1.5574092864990234
ccga_2196	3.848112821578979	2.8346590995788574
ccga_2197	3.4175055027008057	2.4201457500457764
ccga_2198	0.34926533699035645	0.3747318387031555
ccga_220	1.1420350074768066	1.699234962463379
ccga_2201	1.039862871170044	-2.167999267578125
ccga_2205	2.146418571472168	-0.8121212124824524
ccga_2207	1.2774556875228882	-1.7825151681900024
ccga_2208	2.1988329887390137	0.5808995962142944
ccga_221	3.30826187133789	1.439907431602478
ccga_222	1.8381085395812988	2.2314305305480957
ccga_2220	-10.341625213623049	-0.9824371933937072
ccga_2223	2.9880893230438232	-1.0103466510772705
ccga_2225	-0.6821455359458923	0.7753811478614807
ccga_2228	3.4759929180145264	1.750516057014465
ccga_2230	-4.748886585235596	-1.0766549110412598
ccga_2236	0.3282198905944824	-2.400587797164917
ccga_2237	-4.072754383087158	-1.1800196170806885
ccga_2239	-11.207297325134276	-0.8578349947929382
ccga_2241	-8.874080657958984	-0.4486244320869446
ccga_2246	-0.8894474506378174	0.425371378660202
ccga_225	0.9653072357177734	0.4539874196052551
ccga_2251	2.403397560119629	3.543689250946045
ccga_2253	1.2657947540283203	-1.703235745429993
ccga_2254	2.5271313190460205	2.8886711597442627
ccga_2260	0.5278348326683044	-2.1773786544799805
ccga_2262	0.9932077527046204	-0.5950465798377991
ccga_2263	3.7774252891540527	2.8906607627868652
ccga_2264	-8.73211669921875	-0.41105130314826965
ccga_2268	2.6149656772613525	1.389785647392273
ccga_2271	3.6078543663024902	1.5001901388168335
ccga_2272	-6.814535617828369	-2.1195387840270996
ccga_2273	4.177078723907471	-1.3843806982040403
ccga_2274	2.0542898178100586	0.6834595203399658
ccga_2275	-7.407932758331299	-2.152878522872925
ccga_2279	3.6008615493774414	-0.7758017778396606
ccga_2284	1.5376768112182615	0.8798776268959045
ccga_2287	0.958354949951172	-0.8748263120651245
ccga_2288	0.6109952926635742	-2.320420980453491
ccga_2290	-2.1767032146453857	-1.635189175605774
ccga_2291	1.9799492359161377	1.1823683977127075
ccga_2292	1.160564661026001	1.8741778135299685
ccga_2297	-6.6977081298828125	-0.8789526224136353
ccga_2300	-9.55642795562744	-0.6738161444664001
ccga_2301	0.22651326656341553	0.5853521227836609
ccga_2303	-4.714149475097656	-1.717094898223877
ccga_2305	1.27105450630188	2.598792552947998
ccga_2306	-1.9697173833847048	-1.0333858728408811
ccga_2316	1.6995590925216677	2.1105775833129883
ccga_2318	0.5927921533584595	-1.9096859693527224
ccga_2320	-5.4089226722717285	-1.148193597793579
ccga_2323	-6.678690433502197	-1.7368181943893433
ccga_2329	4.6420464515686035	1.6038572788238523
ccga_2330	4.148852348327637	-0.5443291068077087
ccga_2332	3.139040470123291	2.7628941535949707
ccga_2338	0.560815155506134	0.27493876218795776
ccga_2339	4.3913397789001465	1.5747451782226562
ccga_234	2.8996307849884033	0.6696490049362183
ccga_2346	-5.370373249053955	-1.1107245683670044
ccga_2350	-0.3778117597103119	0.35880714654922485
ccga_2352	0.30910375714302063	-0.3853922486305237
ccga_2355	3.401193380355835	-0.03798414021730423
ccga_2356	-8.827630043029785	-0.3642956912517547
ccga_2358	4.468381404876709	1.5097321271896362
ccga_2360	0.3297823965549469	-0.504666268825531
ccga_2363	3.9607455730438232	2.5147218704223633
ccga_2366	2.0095176696777344	0.5761719346046448
ccga_2367	-11.15216827392578	-0.9520020484924316
ccga_2370	3.8902828693389897	-1.9802923202514648
ccga_2377	-10.52181339263916	-0.9605414867401124
ccga_2381	-10.100078582763672	-0.932221293449402
ccga_2382	3.820045709609986	-0.3538479208946228
ccga_2387	-0.05438948050141334	-0.7589958906173706
ccga_2389	-1.7159109115600586	-0.7593151926994324
ccga_2391	0.8239407539367676	-1.5552444458007812
ccga_24	1.2874270677566528	-0.17512209713459015
ccga_2403	2.798927545547486	1.1113938093185425
ccga_2405	0.5687618255615234	0.6552882194519043
ccga_2412	3.770977020263672	1.295153021812439
ccga_2414	0.7165856957435608	0.30169233679771423
ccga_2419	-10.560538291931152	-1.0213452577590942
ccga_242	3.380561590194702	-0.1260613352060318
ccga_2424	1.1824079751968384	-0.24558375775814056
ccga_2427	-8.743019104003906	-0.4141832888126374
ccga_2429	2.7680819034576416	1.6252070665359497
ccga_2430	2.0793747901916504	-2.589900493621826
ccga_2431	1.17702054977417	-0.6383822560310364
ccga_2435	4.080530166625977	2.4615590572357178
ccga_2437	4.333028316497803	0.972578465938568
ccga_2439	0.3251020908355713	-0.8006008863449097
ccga_2440	-10.727486610412598	-1.0621261596679688
ccga_2441	4.477843761444092	1.802535057067871
ccga_2443	3.387460947036743	1.5757673978805542
ccga_2446	2.2077996730804443	3.65765380859375
ccga_2457	2.8088324069976807	2.1066434383392334
ccga_2459	-6.682685852050781	-2.200629234313965
ccga_2461	0.17550189793109894	-1.3566724061965942
ccga_2464	1.845262050628662	2.4506800174713135
ccga_2468	2.8736305236816406	0.378671795129776
ccga_2472	-3.471806049346924	-1.0080370903015137
ccga_2474	0.4074162542819977	0.8002424240112305
ccga_2477	-8.299652099609375	-0.6827351450920105
ccga_2478	-6.799473285675049	-0.7758720517158508
ccga_2483	-2.341918468475342	-1.3952280282974243
ccga_2486	1.8222391605377195	2.695219039916992
ccga_2491	-1.3668010234832764	-1.0540368556976318
ccga_2492	0.4386225640773773	-1.5647177696228027
ccga_2496	2.297905206680298	-0.917695701122284
ccga_2500	-0.03041798248887062	0.7525690793991089
ccga_2503	2.2418344020843506	1.1009860038757324
ccga_2507	1.3618850708007812	-1.7506239414215088
ccga_2508	-4.792973041534424	-1.1322321891784668
ccga_251	1.518720269203186	2.840188503265381
ccga_2515	-10.683531761169434	-1.129399657249451
ccga_252	1.3824987411499023	3.000324010848999
ccga_2524	2.4282538890838623	-0.9746184945106506
ccga_2526	3.345992088317871	-0.4461049139499664
ccga_2528	2.85125470161438	1.479429841041565
ccga_2529	2.945697784423828	-0.7484712600708008
ccga_253	2.433539628982544	1.3379586935043335
ccga_2533	0.9240414500236512	-1.5416021347045898
ccga_2537	3.838477611541748	-0.06116960942745209
ccga_2538	0.8581659197807312	-2.566812753677368
ccga_2539	1.4295316934585571	-1.5468913316726685
ccga_2541	0.8769347667694092	2.2525901794433594
ccga_2547	4.476616382598877	2.2520482540130615
ccga_2552	-8.177486419677734	-0.80482017993927
ccga_2554	-6.658570289611816	-0.879037618637085
ccga_2555	3.2699668407440186	0.8387324213981628
ccga_256	2.3075339794158936	0.7371038794517517
ccga_2563	-7.249604225158691	-2.331533432006836
ccga_2581	3.24212908744812	2.2058887481689453
ccga_2584	2.8485939502716064	-2.012184381484986
ccga_2587	4.584340572357178	1.4714947938919067
ccga_2589	4.136130332946777	-1.7986547946929932
ccga_2590	1.8302838802337649	3.4663045406341553
ccga_2592	1.1898090839385986	-1.02733051776886
ccga_2595	3.7851908206939697	-0.8023180365562439
ccga_2596	1.5981138944625854	-1.3574708700180054
ccga_2597	-5.939917087554932	-1.4106380939483645
ccga_26	-6.696215629577637	-2.266744613647461
ccga_2603	-10.426502227783203	-1.2355141639709473
ccga_2604	2.7561373710632324	-2.0054080486297607
ccga_2605	2.7261903285980225	1.0147143602371216
ccga_2606	-0.1119452491402626	-0.8159764409065247
ccga_261	1.584563374519348	0.5857893824577332
ccga_2620	-2.8199000358581543	-0.9126301407814026
ccga_2621	1.83633291721344	3.2782115936279297
ccga_2629	2.0380055904388428	1.7716447114944458
ccga_2631	-9.232308387756348	-0.5521601438522339
ccga_2633	3.0054221153259277	0.4256904423236847
ccga_2634	-0.571896493434906	0.5037219524383545
ccga_2638	1.8869316577911377	3.43856143951416
ccga_2644	3.0729026794433594	-0.13090111315250397
ccga_2645	-0.933560311794281	-0.870295524597168
ccga_2647	0.8930761814117432	-2.4633312225341797
ccga_265	3.9836089611053462	-1.8293755054473877
ccga_2654	0.6885213255882263	1.1486272811889648
ccga_2657	0.060264702886343	0.4589467048645019
ccga_2659	1.9791067838668823	1.1795343160629272
ccga_2665	-5.40217924118042	-1.8971937894821167
ccga_2666	3.443352699279785	3.4402079582214355
ccga_2673	2.14573335647583	0.08857879787683487
ccga_2678	-5.385316848754883	-1.830416679382324
ccga_2679	-2.4674487113952637	-1.8273309469223025
ccga_2681	2.4784440994262695	0.5440725684165955
ccga_2685	1.8343387842178345	0.2809012532234192
ccga_2690	-5.536192893981934	-1.1772361993789673
ccga_2691	-0.3844603598117829	-0.6881625056266785
ccga_2695	0.1562795639038086	-1.4306224584579468
ccga_27	1.6716787815093994	2.2346582412719727
ccga_2701	1.4347823858261108	3.315945625305176
ccga_2703	-10.652087211608888	-0.9304623007774352
ccga_2705	3.665560483932495	1.760246992111206
ccga_2706	2.840303897857666	-0.4683855175971985
ccga_2708	-0.1324799805879593	-0.9452765583992004
ccga_271	3.958408117294311	0.3740254342556
ccga_2710	2.071671962738037	3.538947343826294
ccga_2712	1.5281111001968384	1.9290646314620972
ccga_2715	0.4170724153518677	-1.906062126159668
ccga_2717	1.0745128393173218	-1.5364030599594116
ccga_2718	-0.32254281640052795	0.5570917725563049
ccga_2728	-0.11861040443181992	0.7068452835083008
ccga_273	2.836275577545166	-0.8693743348121643
ccga_2734	1.1968069076538086	-0.00429389253258705
ccga_2735	2.095273971557617	2.4897983074188232
ccga_2737	-6.883660793304443	-2.195070266723633
ccga_2743	-1.6872191429138184	-0.6763790845870972
ccga_2744	-1.9504646062850952	-0.7261861562728882
ccga_2749	-7.270394325256348	-2.3156235218048096
ccga_275	1.8492867946624756	-1.0822999477386477
ccga_2751	-8.521831512451172	-0.4867940843105316
ccga_2752	-4.647854328155518	-1.3144303560256958
ccga_2754	-8.248737335205078	-0.6992580890655518
ccga_2755	4.4038896560668945	1.669467210769653
ccga_2756	2.369767189025879	1.128814458847046
ccga_2757	-4.129184246063232	-1.415036678314209
ccga_276	-1.988517165184021	-0.44961613416671753
ccga_2761	-2.682896375656128	-1.2274467945098877
ccga_2765	4.205611705780029	0.20229730010032657
ccga_2766	1.7949877977371216	2.4042835235595703
ccga_2767	-10.323308944702148	-0.8332393765449524
ccga_2771	-10.541220664978027	-1.0858254432678225
ccga_2774	0.3148529827594757	1.2101874351501465
ccga_278	1.5022135972976685	3.0188376903533936
ccga_279	2.428272485733032	2.6600964069366455
ccga_2790	2.4188952445983887	-1.7007204294204712
ccga_2793	-2.9292566776275635	-1.4749815464019775
ccga_2795	1.6378898620605469	-1.9084241390228271
ccga_2805	1.5491836071014404	-2.314274311065674
ccga_281	2.4139528274536133	0.7273297309875488
ccga_2810	-8.420686721801758	-0.7086398601531982
ccga_2812	1.0105663537979126	-1.6086634397506714
ccga_2813	3.8626434803009033	-0.418709933757782
ccga_2814	4.030961513519287	-0.18456770479679108
ccga_2815	2.958930492401123	-1.4221436977386477
ccga_2816	1.5355945825576782	-0.7197302579879761
ccga_2817	2.4298174381256104	1.4650884866714478
ccga_2820	3.6303656101226807	0.9262995719909668
ccga_2822	3.909236431121826	-0.21952828764915464
ccga_2823	-0.04305595904588699	-0.2336038202047348
ccga_2828	-6.724593162536621	-0.7966905832290649
ccga_2832	-0.6998903751373291	-0.5444312691688538
ccga_2833	2.690118312835694	2.641648530960083
ccga_2834	3.9467265605926514	2.4940435886383057
ccga_2835	-6.805586338043213	-2.1500027179718018
ccga_2838	-10.678144454956056	-0.92628675699234
ccga_2845	1.8236103057861328	0.26765960454940796
ccga_2847	3.333988666534424	2.0193395614624023
ccga_2848	1.468828201293945	-1.641801834106445
ccga_2850	1.2626779079437256	2.9710426330566406
ccga_2855	-8.183683395385742	-0.8312706351280212
ccga_2856	2.6048736572265625	-1.7889987230300903
ccga_2862	-10.144625663757324	-0.9192164540290833
ccga_2863	2.7169697284698486	0.9788045287132264
ccga_2867	-4.703205585479736	-1.538954496383667
ccga_2870	4.186686038970947	0.951988160610199
ccga_2877	-9.404763221740724	-0.592387855052948
ccga_2879	0.3172198534011841	0.5446368455886841
ccga_288	3.608381986618042	2.3034873008728027
ccga_2886	3.5273687839508057	-0.6639601588249207
ccga_2888	3.120968818664551	-1.7012776136398315
ccga_2891	1.325675129890442	0.29919302463531494
ccga_2896	2.7539639472961426	1.1547120809555054
ccga_2900	2.0178542137145996	3.664909839630127
ccga_2903	3.7507050037384033	2.4687626361846924
ccga_2905	0.42433813214302063	-0.06906970590353012
ccga_291	3.864929437637329	2.315715074539185
ccga_2916	2.623140573501587	2.8385679721832275
ccga_2919	1.0743780136108398	1.1735559701919556
ccga_2929	2.2161600589752197	-2.1201183795928955
ccga_293	2.38631272315979	-1.414906024932861
ccga_2930	2.45202898979187	-1.648226976394653
ccga_2938	3.7555336952209473	0.16551698744297028
ccga_2942	-10.074707984924316	-0.8989502787590027
ccga_2943	-2.1135528087615967	-0.7257200479507446
ccga_2949	2.5084400177001953	1.5537148714065552
ccga_2951	0.8525199890136719	-1.2482399940490725
ccga_2953	1.683073878288269	-0.05067097395658493
ccga_2954	2.9444739818573	-2.0592939853668213
ccga_2961	4.105161190032959	0.7704191207885742
ccga_2962	1.6838252544403076	2.9946131706237793
ccga_2969	-6.023829460144043	-0.8869755268096924
ccga_2977	-9.388089179992676	-0.5608332753181458
ccga_2980	-0.2354460209608078	0.8405565023422241
ccga_2981	2.2828354835510254	3.0260672569274902
ccga_2983	2.9635701179504395	2.378037929534912
ccga_2988	0.9747256636619568	-0.06718658655881882
ccga_2990	-9.37932586669922	-0.5610113143920898
ccga_2992	-1.0309514999389648	-1.0493881702423096
ccga_2999	3.260219097137451	0.2707163691520691
ccga_3000	2.5773587226867676	3.566256046295166
ccga_3002	2.4570531845092773	-2.162308692932129
ccga_3003	2.659055233001709	0.4965402483940125
ccga_3005	2.847792148590088	-1.22764790058136
ccga_3007	2.688302993774414	1.566790223121643
ccga_3008	-10.158320426940918	-0.9207172393798828
ccga_3010	1.2607357501983645	-1.99986469745636
ccga_3017	-3.548395872116089	-1.5062071084976196
ccga_302	1.652795910835266	0.9800360798835754
ccga_3024	2.062180280685425	-2.1112895011901855
ccga_3028	0.1690620183944702	-1.6716313362121582
ccga_3029	3.2249581813812256	-0.264334499835968
ccga_3031	3.425227642059326	-0.4866430759429931
ccga_3039	2.8181538581848145	-2.0962321758270264
ccga_304	3.085707664489746	0.41018176078796387
ccga_3042	-0.02138319052755832	-1.6430823802947998
ccga_3043	0.9946513175964355	2.5044190883636475
ccga_3049	-1.6905690431594849	-1.2079347372055054
ccga_3051	2.9572510719299316	1.2855311632156372
ccga_3054	3.0774197578430176	-0.43530601263046265
ccga_306	3.719729423522949	-0.04692672193050384
ccga_3066	-9.423299789428713	-0.6001834869384766
ccga_3067	2.7475781440734863	2.9231200218200684
ccga_3072	2.8492431640625	2.908383846282959
ccga_3074	1.6039986610412598	-0.3345509171485901
ccga_3077	-0.03823771327733993	-1.950204610824585
ccga_3078	-2.3693292140960693	-0.803769588470459
ccga_308	4.056768894195557	-1.7663449048995972
ccga_3083	1.734923005104065	1.8411482572555544
ccga_3094	1.8411613702774048	-1.3131943941116333
ccga_3095	3.545032262802124	0.6710926294326782
ccga_31	0.22570247948169708	1.1411842107772827
ccga_3103	-5.439446926116943	-1.9295384883880615
ccga_3110	1.861019253730774	3.1714775562286377
ccga_3112	3.2111570835113525	-0.15214814245700836
ccga_3116	-8.71209716796875	-0.4073776602745056
ccga_3118	1.8699965476989744	2.5795772075653076
ccga_312	0.8735918998718262	1.3726725578308103
ccga_3123	2.9746253490448	1.9922436475753784
ccga_3127	2.9100489616394043	1.7463045120239258
ccga_313	0.9673802852630616	-2.392490863800049
ccga_3134	3.9030308723449703	-0.45546042919158936
ccga_3135	0.3888842463493347	-2.002763271331787
ccga_3136	0.27182167768478394	0.4370470941066742
ccga_3139	1.7121390104293823	2.363959312438965
ccga_3144	1.9841300249099731	-1.9202938079833984
ccga_3147	-3.2847447395324707	-1.6351038217544556
ccga_3148	0.6796267628669739	-1.1557493209838867
ccga_3153	-9.32115650177002	-0.5362921357154846
ccga_3157	3.8695101737976074	-1.8978087902069092
ccga_3162	-2.1879308223724365	-1.3881231546401978
ccga_3177	3.977250099182129	0.6449010968208313
ccga_3179	1.8478095531463623	2.9383842945098877
ccga_3186	1.2008990049362185	-2.270763397216797
ccga_3189	-6.4419403076171875	-0.7297698855400085
ccga_319	3.7743539810180664	-0.250232458114624
ccga_3204	-4.603518486022949	-1.5375627279281616
ccga_3205	3.481198787689209	3.547391176223755
ccga_3206	3.1732990741729736	0.09279420226812364
ccga_3207	1.3384586572647097	-2.3973355293273926
ccga_3213	3.2530994415283203	2.788474798202514
ccga_3240	-0.1826397031545639	1.0364257097244265
ccga_3243	-2.925736427307129	-1.3311420679092407
ccga_3247	2.987027406692505	2.222935199737549
ccga_325	1.219387412071228	2.592578172683716
ccga_3250	1.614962100982666	3.287071704864502
ccga_3253	3.315993547439575	2.4248218536376953
ccga_3259	1.922249674797058	-0.2421995848417282
ccga_3263	2.1780941486358643	3.4893672466278076
ccga_3267	1.33832848072052	2.9846255779266357
ccga_3268	-2.758655071258545	-0.9367946982383728
ccga_327	3.13899827003479	2.085651159286499
ccga_3274	-1.9900096654891968	-0.5236995220184326
ccga_3284	-4.844475269317627	-1.6741143465042114
ccga_3286	4.470396518707275	1.1967723369598389
ccga_3287	3.391627073287964	-0.6021795272827148
ccga_3288	2.4125514030456543	-1.7436243295669556
ccga_329	-4.326671600341797	-1.6847835779190063
ccga_3293	-10.702868461608888	-1.0958302021026611
ccga_3295	0.30699267983436584	-0.27349165081977844
ccga_33	-5.531918048858643	-1.1122492551803589
ccga_330	0.842261552810669	1.3096821308135986
ccga_3302	4.4273481369018555	1.6000123023986816
ccga_3304	-1.6509672403335571	-1.764407753944397
ccga_3306	1.5977814197540283	2.3713066577911377
ccga_3315	4.216734409332275	-1.497300624847412
ccga_3316	-5.269402027130127	-1.0198193788528442
ccga_3317	-7.22029972076416	-2.2440924644470215
ccga_3319	1.6405962705612185	-2.026677131652832
ccga_3329	-2.136873722076416	-0.5920875668525696
ccga_3334	-2.95718765258789	-0.9247298836708068
ccga_3338	1.1107500791549685	-0.2498195469379425
ccga_334	2.7612409591674805	1.3544409275054932
ccga_3346	0.475102573633194	1.318803787231445
ccga_3359	-8.078425407409668	-0.815813422203064
ccga_336	3.1870977878570557	2.5732944011688232
ccga_3363	-1.9397680759429932	-1.2300174236297607
ccga_3370	2.047790765762329	-2.4179649353027344
ccga_3372	-6.1029052734375	-1.1253914833068848
ccga_3375	4.416932582855225	1.8932100534439087
ccga_3379	-4.8183393478393555	-1.1688274145126345
ccga_3388	2.464352607727051	2.8017470836639404
ccga_3396	2.109786033630371	-1.2854334115982056
ccga_3397	0.4129511713981629	-0.3373194932937622
ccga_3401	1.7716643810272217	0.22027277946472168
ccga_3404	0.8186200261116028	-1.3490229845046997
ccga_3409	-7.548404693603516	-2.444169044494629
ccga_3417	-9.98806381225586	-0.8036690950393677
ccga_3420	-6.73084831237793	-2.1920907497406006
ccga_3422	-7.290785789489746	-2.3131256103515625
ccga_3427	4.451761722564697	1.6407010555267334
ccga_3429	1.375893473625183	2.6857717037200928
ccga_343	-3.203148603439331	-1.557585597038269
ccga_3439	-5.628283977508545	-1.186872959136963
ccga_344	-8.709879875183105	-0.3729565143585205
ccga_3441	0.6927275061607361	0.8980827927589417
ccga_3447	2.463907480239868	-2.431408166885376
ccga_3449	0.44939470291137695	1.2850165367126465
ccga_3450	1.403177261352539	2.7927963733673096
ccga_346	4.340729236602783	2.044924020767212
ccga_3465	-1.733475685119629	-0.8233301639556885
ccga_3468	-5.992288589477539	-1.2596787214279177
ccga_347	-0.1190229132771492	-1.26567280292511
ccga_3471	2.05371618270874	0.41235560178756714
ccga_3473	1.3172266483306885	3.0150911808013916
ccga_3475	-6.774473667144775	-1.6712158918380735
ccga_3476	1.4326170682907104	2.176762819290161
ccga_3478	-5.644093990325928	-1.0412250757217407
ccga_348	3.316589832305908	3.4884791374206543
ccga_3488	1.4925222396850586	-0.6486881971359253
ccga_3490	3.221557140350342	-0.2612645924091339
ccga_3505	-0.7176668047904968	-1.5171175003051758
ccga_3509	-0.5589095950126648	-1.054837942123413
ccga_351	3.283013820648194	0.22315402328968048
ccga_3513	1.628517985343933	0.4120277464389801
ccga_352	-9.419580459594728	-0.582266092300415
ccga_3523	2.5197792053222656	-1.3482880592346191
ccga_3525	1.7078391313552856	3.3493075370788574
ccga_3536	2.0053985118865967	0.9839118719100952
ccga_354	2.687049150466919	1.6352219581604004
ccga_3544	3.0694308280944824	-1.1166179180145264
ccga_3546	1.5281336307525637	0.8310293555259705
ccga_356	1.4079594612121582	-1.7090184688568115
ccga_3560	-11.082359313964844	-0.9464375376701356
ccga_357	0.3918761610984802	-0.9412423968315125
ccga_3570	-7.037703990936279	-2.3925156593322754
ccga_3575	4.30860710144043	0.917242705821991
ccga_3577	0.00773527659475803	0.7592468857765198
ccga_3579	0.24639667570590973	-1.424228549003601
ccga_3584	1.6467835903167725	-1.1041597127914429
ccga_3586	4.138460636138916	-1.6004557609558103
ccga_3587	-3.994751930236816	-1.6860805749893188
ccga_359	2.113208293914795	2.7784621715545654
ccga_3605	2.4095773696899414	-0.9217993021011353
ccga_3615	1.60590660572052	1.1461632251739502
ccga_3618	1.3416444063186646	-2.630103588104248
ccga_3620	3.084292411804199	-1.008405327796936
ccga_3624	4.445607662200928	1.6042877435684204
ccga_3633	4.2461838722229	0.8321825861930847
ccga_3637	3.8253753185272217	-0.3743223249912262
ccga_3645	2.0721395015716553	0.1818171888589859
ccga_3646	0.5667051076889038	-2.2230727672576904
ccga_3652	4.15864896774292	1.0825668573379517
ccga_3662	-6.225581645965576	-1.1216857433319092
ccga_3669	3.3850507736206055	2.421818256378174
ccga_3672	-5.446629047393799	-1.941001057624817
ccga_3678	3.1137073040008545	3.314779996871948
ccga_3679	2.2403793334960938	-0.9128649234771729
ccga_368	1.91966450214386	1.2673687934875488
ccga_3681	0.00469158077612519	-2.0660135746002197
ccga_3683	-9.363163948059082	-0.5784913301467896
ccga_369	4.0875630378723145	0.9467173218727112
ccga_3700	4.293174743652344	1.566442847251892
ccga_3705	3.306821346282959	1.671622395515442
ccga_3708	-2.0800671577453613	-0.8952764272689819
ccga_3714	4.109796047210693	1.0727291107177734
ccga_3715	1.9610118865966797	1.9814728498458865
ccga_3717	4.088058948516846	0.47268712520599365
ccga_3723	-4.33243989944458	-1.337372660636902
ccga_3725	-10.81847858428955	-0.926560878753662
ccga_373	0.1707204431295395	0.8656632900238037
ccga_3732	-6.537189960479736	-0.7412653565406799
ccga_3738	4.01237678527832	-0.06853047758340836
ccga_3739	3.305884599685669	0.15848776698112488
ccga_3754	0.8427133560180664	0.948233723640442
ccga_3773	-2.1207478046417236	-0.777329683303833
ccga_3774	0.33781057596206665	1.3719358444213867
ccga_3779	2.8169240951538086	3.054450273513794
ccga_3781	2.3155786991119385	1.4007474184036257
ccga_3799	2.458592653274536	-1.9686681032180784
ccga_3818	2.1842243671417236	-1.2430002689361572
ccga_382	-3.8053128719329834	-1.5780701637268066
ccga_3820	-0.08068926632404327	-1.323750615119934
ccga_383	2.585681676864624	2.796654224395752
ccga_3831	0.2753942906856537	0.2075226604938507
ccga_3833	-1.0513774156570437	0.42127466201782227
ccga_3835	4.056273460388184	-1.651025414466858
ccga_3845	3.317579984664917	2.202109098434448
ccga_3847	0.7614270448684692	0.2580222189426422
ccga_385	1.6348248720169067	-1.4705804586410522
ccga_3854	1.4686793088912964	-1.321048378944397
ccga_3862	0.9926597476005554	-2.5375747680664062
ccga_3866	2.710306406021118	-0.973153829574585
ccga_387	-2.2540714740753174	-0.848118007183075
ccga_3875	-0.1046447455883026	0.6729902625083923
ccga_3876	3.994056463241577	0.9754297137260436
ccga_3877	2.3995604515075684	0.5928398370742798
ccga_3879	2.3951170444488525	-2.413860559463501
ccga_388	3.4829788208007812	0.46598750352859497
ccga_3880	-9.485174179077148	-0.6446515917778015
ccga_3884	2.6267054080963135	-1.5983049869537354
ccga_389	1.4635692834854126	-0.06512732058763504
ccga_3890	-6.913066387176514	-2.073288917541504
ccga_3891	4.524682998657227	1.811875820159912
ccga_3904	-4.832998752593994	-1.6864372491836548
ccga_391	-0.8530371785163879	-0.8202852010726929
ccga_3911	-8.616250038146973	-0.452375203371048
ccga_3915	-2.0617122650146484	-1.2622921466827393
ccga_3920	2.488436460494995	-1.5334385633468628
ccga_3929	-2.5537307262420654	-1.288134217262268
ccga_393	-7.009416103363037	-1.5018402338027954
ccga_3931	2.2495322227478027	-0.6102420687675476
ccga_3934	-10.21232795715332	-0.8861755132675171
ccga_3936	2.740450382232666	1.08270263671875
ccga_394	0.4231753349304199	-0.1531921625137329
ccga_3951	-8.008429527282715	-0.8215331435203552
ccga_3961	4.105489253997803	0.7779127955436707
ccga_3963	-2.4510915279388428	-0.8616645932197571
ccga_3970	0.9577732682228088	-2.434598684310913
ccga_3973	1.9770779609680176	0.18852537870407104
ccga_3984	2.578464984893799	-1.245969295501709
ccga_3987	-3.13044810295105	-1.5168713331222534
ccga_3988	-7.258867263793945	-2.2914416790008545
ccga_399	1.6654942035675049	2.4607462882995605
ccga_3991	-8.600506782531738	-0.4617255628108978
ccga_3997	1.6335963010787964	1.0135324001312256
ccga_400	0.22528581321239471	-0.7604349255561829
ccga_4003	4.0894999504089355	2.4837918281555176
ccga_4012	2.579425096511841	0.4654659628868103
ccga_4013	2.6911885738372803	-1.062188982963562
ccga_4018	4.408467769622803	1.5455762147903442
ccga_402	1.8533568382263184	-1.5975089073181152
ccga_4027	2.8585047721862793	2.5271847248077393
ccga_403	4.651008129119873	1.6992247104644775
ccga_4043	3.946266651153565	-1.8634496927261353
ccga_4048	0.5015602111816406	1.5111089944839478
ccga_4052	-5.145467281341553	-1.4661074876785278
ccga_4059	3.3854899406433105	3.377117872238159
ccga_4060	2.5333776473999023	2.8544857501983643
ccga_4069	3.092251777648926	-1.5306962728500366
ccga_4081	-5.397233009338379	-0.9638060331344604
ccga_4082	1.6828482151031494	0.7700544595718384
ccga_4084	-1.7473524808883667	-1.2556208372116089
ccga_4088	-7.521214962005615	-0.6488991975784302
ccga_4097	0.01601477712392807	-0.8623589277267456
ccga_41	1.9637248516082764	0.5851612091064453
ccga_410	3.157106876373291	3.378851890563965
ccga_4100	2.4238219261169434	-1.1138275861740112
ccga_4102	2.501284122467041	-1.546489715576172
ccga_4105	0.7357098460197449	-2.42783522605896
ccga_411	0.2824036478996277	1.2171764373779297
ccga_4110	-11.087092399597168	-0.944651186466217
ccga_4114	1.440532922744751	-2.089114189147949
ccga_4115	-5.480093002319336	-1.148463487625122
ccga_412	0.14825743436813354	-0.13343386352062225
ccga_4120	1.6135473251342771	-0.13842099905014038
ccga_4127	0.4536846876144409	-1.0475244522094729
ccga_413	4.419954776763916	1.2811304330825806
ccga_4133	0.7663959264755249	-1.540619730949402
ccga_4135	-2.128696918487549	-0.8605318069458008
ccga_414	-6.712579727172852	-0.9675526022911072
ccga_416	0.4253518879413605	-1.2777236700057983
ccga_4165	-8.269216537475586	-0.8033596277236938
ccga_417	2.9329023361206055	1.8713353872299192
ccga_4170	2.329392194747925	0.7191909551620483
ccga_418	-2.1809377670288086	-0.8340184092521667
ccga_4182	3.549286127090454	1.597990870475769
ccga_4183	3.5691452026367188	1.813332438468933
ccga_4185	-2.154364109039306	-1.3747702836990356
ccga_419	1.6225122213363647	2.1421732902526855
ccga_421	2.953207731246948	-1.288771629333496
ccga_423	0.3990218937397003	-1.211592435836792
ccga_4231	2.5339136123657227	1.940181851387024
ccga_4234	2.419318437576294	-0.9040390849113464
ccga_4239	3.0931336879730225	1.3160336017608645
ccga_424	-2.0369153022766113	-1.2434803247451782
ccga_4259	3.914574146270752	0.2522207200527191
ccga_4262	-6.765600204467773	-0.8323705792427063
ccga_427	0.6552205085754395	-1.0962507724761963
ccga_4271	2.238847017288208	-1.8321574926376345
ccga_428	1.0386825799942017	2.4946231842041016
ccga_4284	-5.794459342956543	-1.5435997247695925
ccga_4285	4.111446857452393	1.0954619646072388
ccga_4289	3.773696184158325	-0.5920684933662415
ccga_4315	-3.403376579284668	-1.0526734590530396
ccga_4331	-0.6481550335884094	-1.002471923828125
ccga_4343	1.5493443012237549	-0.25851863622665405
ccga_435	0.31890830397605896	-1.6365209817886353
ccga_4376	-2.3763420581817627	-1.7989877462387085
ccga_4377	4.657416820526123	1.4106134176254272
ccga_4387	1.365058660507202	-1.0215725898742676
ccga_4405	3.29171371459961	0.05180291086435318
ccga_4410	4.275811672210693	1.759376883506775
ccga_4419	-0.7635517120361328	-1.5095850229263306
ccga_442	3.6310062408447266	1.5941039323806765
ccga_4421	3.150334596633911	1.646013855934143
ccga_4422	3.1253373622894287	1.5938507318496704
ccga_4426	-2.422581434249878	-1.9218623638153076
ccga_4436	2.975170135498047	2.89678692817688
ccga_444	2.2527668476104736	2.7800545692443848
ccga_4447	1.3134886026382446	-1.6963131427764893
ccga_4448	1.5135314464569092	0.9675438404083252
ccga_4452	2.3889007568359375	-1.899362087249756
ccga_4454	-0.09884372353553772	-1.176852464675903
ccga_4461	3.251991271972656	2.09614634513855
ccga_4465	-4.102327346801758	-1.5860649347305298
ccga_4490	1.1498363018035889	2.015899419784546
ccga_4495	0.5726332068443298	-1.844937205314636
ccga_452	2.6019012928009033	3.3921234607696533
ccga_453	0.5258170366287231	-2.174006700515747
ccga_4532	1.5367369651794434	1.3516989946365356
ccga_4534	1.718977451324463	3.3868346214294434
ccga_454	3.5153722763061523	2.5552587509155273
ccga_4541	2.4808967113494873	-1.889545202255249
ccga_455	4.395478248596191	1.761879324913025
ccga_4557	1.5393532514572144	-0.0843595638871193
ccga_4558	0.65011066198349	0.41648608446121216
ccga_4559	-2.0910181999206543	-1.4659194946289062
ccga_4567	2.595172643661499	-1.694324612617493
ccga_457	-7.0966339111328125	-0.8614072799682617
ccga_4578	3.3111703395843506	2.656989336013794
ccga_458	3.156646966934204	0.9686672687530518
ccga_4582	4.137706756591797	2.0068728923797607
ccga_4586	3.8202064037323	-0.09104345738887788
ccga_459	-2.4191548824310303	-1.5876226425170898
ccga_4590	-3.7486939430236816	-1.3248291015625
ccga_4599	2.857090711593628	0.8058815598487854
ccga_460	1.514237403869629	3.4029366970062256
ccga_4617	0.1119956523180008	-1.1549290418624878
ccga_462	1.8871561288833616	1.4265528917312622
ccga_463	3.2026031017303467	1.4141749143600464
ccga_464	1.6446713209152222	3.376368522644043
ccga_4646	1.6773761510849	0.09784040600061417
ccga_465	0.6424372792243958	0.5255875587463379
ccga_4653	-11.08996295928955	-0.9336308240890504
ccga_4656	1.6272131204605105	2.0549519062042236
ccga_466	2.623544692993164	2.785632371902466
ccga_4663	1.7373470067977903	-0.8502681851387024
ccga_467	2.7356719970703125	-1.8236883878707888
ccga_468	-2.3090286254882812	-1.613612174987793
ccga_4682	1.004037380218506	0.28818681836128235
ccga_4686	-10.617725372314451	-1.082311749458313
ccga_470	4.146501541137695	1.4784460067749023
ccga_4700	2.0602035522460938	-1.232669472694397
ccga_4705	1.4923863410949707	-1.591798186302185
ccga_4708	3.4921796321868896	1.750891089439392
ccga_4710	2.622309684753418	1.8627089262008667
ccga_4717	4.25347375869751	1.6899781227111816
ccga_4727	2.6837472915649414	-0.9707993865013124
ccga_473	0.3964369297027588	-2.4090981483459473
ccga_4736	-5.980626106262207	-0.9333644509315492
ccga_476	1.530919909477234	-0.6462847590446472
ccga_477	2.224965810775757	1.906844973564148
ccga_478	1.809162139892578	-2.101470947265625
ccga_4784	2.020164251327514	-0.9521432518959044
ccga_479	2.77919602394104	1.232616305351257
ccga_48	2.3540821075439453	1.187691569328308
ccga_4806	2.4201180934906006	-0.7624062299728394
ccga_4808	3.485003709793091	0.9649177193641664
ccga_481	2.8968212604522705	2.854860782623291
ccga_483	-4.648985385894775	-1.7899365425109863
ccga_4836	2.9957826137542725	-0.7333623170852661
ccga_485	-6.717109203338623	-0.9197209477424622
ccga_487	0.01829534396529197	-0.44665953516960144
ccga_4888	2.4799203872680664	-1.646109104156494
ccga_4898	0.5848602652549744	0.7930542826652527
ccga_49	2.874966859817505	2.3681130409240723
ccga_490	-6.461185932159424	-1.67640483379364
ccga_4903	1.4068433046340942	1.2451002597808838
ccga_4905	0.3840591311454773	-0.507267951965332
ccga_491	1.0599273443222046	-1.3747752904891968
ccga_4912	1.6274785995483398	0.03706919774413109
ccga_493	0.9682486653327942	-2.329792022705078
ccga_4930	0.15898770093917847	-1.505468249320984
ccga_4931	2.4717586040496826	3.718243598937988
ccga_4935	3.1641340255737305	3.34250807762146
ccga_4938	-1.0628491640090942	-0.9588426947593688
ccga_4945	0.7377813458442688	-1.8785401582717896
ccga_495	3.9178905487060542	-1.890956997871399
ccga_496	-6.764192581176758	-0.8339710235595703
ccga_497	0.5134599804878235	-1.588237762451172
ccga_4975	3.7025129795074463	-0.822711169719696
ccga_4986	1.183971881866455	1.5266848802566528
ccga_4993	-0.04424332827329635	0.7423356175422668
ccga_50	2.517796277999878	1.6402772665023804
ccga_5008	4.051764488220215	0.605740487575531
ccga_5016	3.954594850540161	-1.8465659618377688
ccga_5017	-2.022921562194824	-0.6885192394256592
ccga_5018	1.4911298751831057	0.49449312686920166
ccga_5022	3.776381492614746	0.2788553237915039
ccga_503	-5.571500301361084	-1.1513782739639282
ccga_5034	1.4316867589950562	1.8226872682571411
ccga_5041	-6.682429790496826	-1.8533849716186523
ccga_5046	3.4550671577453613	1.7342321872711182
ccga_5048	2.3968067169189453	2.895709276199341
ccga_506	3.2637746334075928	-0.694985032081604
ccga_507	3.2483739852905273	-0.07912474125623703
ccga_5072	4.148761749267578	0.929905116558075
ccga_5076	2.9352779388427734	1.6811869144439695
ccga_5079	3.2170920372009277	-0.20479339361190796
ccga_5087	-4.378706455230713	-1.2376805543899536
ccga_5099	0.8079470992088318	-2.36898136138916
ccga_510	-0.8018460869789124	0.47433263063430786
ccga_5131	-5.466434001922607	-1.9249212741851809
ccga_5142	1.3518387079238892	-1.986616849899292
ccga_5144	-1.0186042785644531	-0.8313754200935364
ccga_5154	4.230212688446045	0.903197467327118
ccga_5173	-7.307158946990967	-2.3268611431121826
ccga_518	-3.0470306873321533	-0.9563108086586
ccga_5186	4.287423133850098	2.0177254676818848
ccga_519	1.0604151487350464	-1.0487360954284668
ccga_521	2.412700653076172	1.711887240409851
ccga_522	-4.357887268066406	-1.4707245826721191
ccga_5220	4.69738245010376	1.4287511110305786
ccga_5229	-11.090173721313477	-0.9442960023880004
ccga_5236	-0.4882816970348358	0.20310334861278537
ccga_525	2.355984926223755	-0.9752374291419984
ccga_526	2.2749128341674805	-2.075181245803833
ccga_5265	3.774141311645508	-0.6060501337051392
ccga_527	3.2585225105285645	-0.6699090003967285
ccga_529	1.4161975383758545	1.396912693977356
ccga_5301	4.148587226867676	1.6762570142745972
ccga_532	2.499965190887451	2.7987544536590576
ccga_5321	3.4271140098571777	-0.8333333134651184
ccga_5322	-6.703613758087158	-2.2312090396881104
ccga_533	-11.06333351135254	-0.9599818587303162
ccga_5340	-0.8834326863288879	0.574485719203949
ccga_537	0.7552236914634705	0.6908299922943115
ccga_538	1.5449503660202026	-2.0132994651794434
ccga_540	1.7326053380966189	2.263698101043701
ccga_541	3.346540689468384	-0.6871680617332458
ccga_5424	1.9572049379348757	-0.18915867805480957
ccga_5425	1.3205420970916748	-1.9620952606201172
ccga_543	1.9321414232254028	-2.2186033725738525
ccga_545	2.239722728729248	-0.7758505344390869
ccga_549	2.315290927886963	0.583734929561615
ccga_55	1.8291263580322263	0.04530712217092514
ccga_551	1.3964505195617676	2.70035171508789
ccga_554	1.10389244556427	1.8278354406356812
ccga_555	-6.706737995147705	-0.8377364277839661
ccga_557	1.8950679302215576	1.6439987421035769
ccga_559	2.2375051975250244	-2.354250431060791
ccga_56	0.4305303990840912	-0.6370676755905151
ccga_560	1.1301279067993164	-1.0604698657989502
ccga_565	1.8202108144760132	1.3782058954238892
ccga_567	0.305484414100647	-0.995473861694336
ccga_57	2.7364296913146973	1.4683654308319092
ccga_571	-0.4388850927352905	-0.8189802765846252
ccga_572	3.5232961177825928	3.1970019340515137
ccga_573	0.970253050327301	1.3822556734085083
ccga_578	0.476730614900589	-2.4982521533966064
ccga_580	-5.7677693367004395	-1.183614730834961
ccga_582	2.8303987979888916	-1.4415769577026367
ccga_588	0.1854965388774872	-1.4079093933105469
ccga_589	-2.900712251663208	-1.2584420442581177
ccga_591	-6.713568687438965	-1.7418465614318848
ccga_593	3.4616408348083496	2.5663554668426514
ccga_595	0.681498110294342	-1.1558462381362915
ccga_598	-1.8717807531356812	-0.39649227261543274
ccga_602	1.525936245918274	1.472502589225769
ccga_61	-6.37653923034668	-0.9074945449829102
ccga_612	0.5183556079864502	-1.3188683986663818
ccga_614	-4.586825370788574	-1.0251657962799072
ccga_615	0.6564568877220154	0.25081294775009155
ccga_616	2.67836856842041	1.7485275268554688
ccga_619	2.7840991020202637	2.0181164741516113
ccga_62	0.2358574271202087	-0.765360414981842
ccga_63	2.467651605606079	2.7415342330932617
ccga_637	4.3448991775512695	1.3250960111618042
ccga_641	0.9467597603797911	2.4187464714050293
ccga_642	-2.937819242477417	-1.0170283317565918
ccga_643	2.028423547744751	1.1266162395477295
ccga_644	2.0892739295959473	-2.3768794536590576
ccga_645	1.938588261604309	3.5050220489501953
ccga_648	-7.1554155349731445	-0.850126326084137
ccga_66	2.2502505779266357	-0.5993300080299377
ccga_664	-5.779102802276611	-0.9678001403808594
ccga_666	0.10624788701534273	1.154448390007019
ccga_667	-10.112442016601562	-0.8374706506729126
ccga_669	-10.664694786071776	-1.0730936527252195
ccga_67	2.429651975631714	2.0145275592803955
ccga_675	4.085134029388428	1.4736934900283811
ccga_680	2.7810468673706055	1.2264751195907593
ccga_689	0.9035406112670898	1.0081095695495603
ccga_692	-8.1555938720703125	-0.8045797348022461
ccga_698	0.5685780048370361	-2.2674989700317383
ccga_699	1.6857916116714478	3.399216890335083
ccga_705	-0.6534250974655151	0.8069064021110535
ccga_706	2.850642681121826	1.6770789623260498
ccga_707	-1.657191038131714	-0.4180641770362854
ccga_71	-0.4666962027549744	-1.0364443063735962
ccga_712	-6.726201057434082	-2.0030229091644287
ccga_717	-9.94990348815918	-0.9933295845985411
ccga_719	2.784446954727173	2.968073606491089
ccga_720	1.1693928241729736	2.0725879669189453
ccga_721	1.7453042268753052	3.4153919219970703
ccga_725	0.469874769449234	-2.4789602756500244
ccga_727	-2.6606431007385254	-1.2870349884033203
ccga_729	-4.358635425567627	-1.502790927886963
ccga_73	4.121491432189941	-1.7517244815826416
ccga_731	4.610664367675781	1.205521821975708
ccga_737	0.7473304271697998	0.39852404594421387
ccga_738	2.88607120513916	0.3775457441806793
ccga_74	0.054282296448946	-0.9994112253189088
ccga_740	-0.06653796136379242	0.6391909718513489
ccga_746	2.400674819946289	0.8474796414375305
ccga_748	1.4054501056671145	3.010009765625
ccga_749	1.808605074882507	2.030102014541626
ccga_75	2.368832588195801	2.825450897216797
ccga_755	3.124377965927124	3.4676334857940674
ccga_756	1.541581630706787	0.8396173715591431
ccga_757	0.4124383330345154	-0.4424149096012115
ccga_758	-2.2261710166931152	-1.5207910537719729
ccga_761	-6.8891777992248535	-2.2184927463531494
ccga_765	0.7291237115859985	0.6808826923370361
ccga_772	-5.196279048919678	-1.7975773811340332
ccga_776	3.358093023300171	1.5583544969558716
ccga_777	0.5511085987091064	-0.8713364005088806
ccga_778	-8.163515090942383	-0.7928314208984375
ccga_779	-2.269942283630371	-1.1874501705169678
ccga_78	1.7101322412490845	0.7360259294509888
ccga_784	-3.221970796585083	-1.0136765241622925
ccga_785	-5.610420227050781	-2.002432107925415
ccga_793	0.4750863015651703	0.8817134499549866
ccga_794	-6.035707473754883	-1.35960853099823
ccga_795	-4.553683757781982	-1.1993576288223269
ccga_797	0.8429723978042603	2.2666213512420654
ccga_80	2.842191457748413	-0.41976937651634216
ccga_806	-9.406357765197754	-0.5938786268234253
ccga_807	-4.077524662017822	-1.1628897190093994
ccga_81	4.32920503616333	1.8200050592422483
ccga_810	0.2580207586288452	-1.905336618423462
ccga_816	-2.106306791305542	-1.1974234580993652
ccga_819	-5.577599048614502	-1.2392187118530271
ccga_820	-11.129429817199709	-1.0069501399993896
ccga_825	-6.881311893463135	-2.155564546585083
ccga_826	3.1965537071228027	3.3548758029937744
ccga_828	-10.07276725769043	-0.8657209873199463
ccga_83	3.5182952880859375	-0.7814245820045471
ccga_834	0.4647523760795593	-2.1894373893737793
ccga_835	2.899038553237915	-1.3532527685165403
ccga_844	4.338355541229248	1.7123855352401731
ccga_845	-1.9827661514282229	-0.8701419830322266
ccga_848	1.882324457168579	3.431220054626465
ccga_859	0.6458908915519714	-0.04011233523488045
ccga_861	2.8453831672668457	-0.10694187879562378
ccga_867	-10.12388801574707	-0.9104623794555664
ccga_868	1.594606637954712	0.8659932017326355
ccga_869	-8.752802848815918	-0.4016705155372619
ccga_87	4.045699596405029	0.1446671336889267
ccga_870	-7.216339588165283	-2.255924940109253
ccga_879	2.9107065200805664	0.8921343088150024
ccga_880	-0.5514116287231445	-1.4547767639160156
ccga_881	2.645764112472534	-1.4612860679626465
ccga_882	3.282715320587158	0.642174243927002
ccga_884	-2.0708870887756348	-0.5166207551956177
ccga_886	2.935492515563965	-1.1454200744628906
ccga_887	4.14277458190918	-0.05679516494274139
ccga_889	-5.671245098114014	-1.173657774925232
ccga_89	1.9343124628067017	-1.4703638553619385
ccga_896	-8.196974754333496	-0.8412103056907654
ccga_90	3.296734571456909	2.628415822982788
ccga_900	-8.252591133117676	-0.8713347911834717
ccga_902	3.0316226482391357	2.511439561843872
ccga_903	0.4017246663570404	-0.08572942018508911
ccga_905	0.459502249956131	-2.327805280685425
ccga_907	-2.500894784927368	-0.8028622269630432
ccga_908	0.01750875264406204	-0.8187215328216553
ccga_91	0.583388090133667	-2.3873138427734375
ccga_910	0.28589460253715515	1.0530093908309937
ccga_912	-5.968014717102051	-0.8938062787055969
ccga_913	1.7641700506210327	2.3620975017547607
ccga_914	2.263784885406494	2.570382833480835
ccga_917	-2.543457508087158	-0.8836267590522766
ccga_918	3.262279748916626	0.24532414972782135
ccga_921	2.777219772338867	1.9085605144500732
ccga_922	0.5658692717552185	-0.06761246174573898
ccga_924	0.828022837638855	-0.1673830896615982
ccga_925	3.0519871711730957	2.2293906211853027
ccga_927	3.048902988433838	1.4890440702438354
ccga_928	1.2622463703155518	-2.431814193725586
ccga_932	1.355881690979004	-1.9231133460998535
ccga_936	2.9989476203918457	-0.6387828588485718
ccga_938	-11.122623443603516	-0.9301846027374268
ccga_94	3.9118340015411377	2.575815916061402
ccga_940	1.425706148147583	1.1770375967025757
ccga_948	0.5612843036651611	-1.971695899963379
ccga_95	3.7814652919769287	0.32594335079193115
ccga_954	2.0315535068511963	1.8536481857299805
ccga_955	1.8740533590316772	0.7954372763633728
ccga_956	0.9078271389007568	1.009044528007507
ccga_957	2.1726839542388916	-0.91592139005661
ccga_959	3.4499521255493164	3.3606996536254883
ccga_960	0.302226722240448	-2.579833507537842
ccga_964	1.7171645164489746	-1.2193303108215332
ccga_969	-6.092304706573486	-1.1547834873199463
ccga_971	-5.432287693023682	-1.9037600755691528
ccga_972	-4.873552322387695	-1.603891372680664
ccga_975	1.6608011722564695	1.4463711977005005
ccga_977	-5.485474586486816	-1.940428614616394
ccga_98	1.0344655513763428	-0.21618318557739255
ccga_984	-10.331847190856934	-0.8200991153717041
ccga_985	4.279840469360352	0.9073678851127625
ccga_990	3.238720178604126	3.3532159328460693
ccga_993	0.8924745917320251	-1.2105318307876587
ccga_994	-5.650002956390381	-1.230491280555725
ccga_995	3.983701705932617	2.4895336627960205
ccga_996	0.7716122269630432	0.27077504992485046
ccga_999	0.6043895483016968	1.3372344970703125
